ID;Time;WT_ES;WT_MS;pH;EC;ABS;N;P;DOC
4;0;-37.09;-80.22;5.3;8.2;3.25;4348;289;93.05
5;0;-53.45;-72.55;5.9;8.75;2.17;3438.75;208;65.61
7;0;-47.26;-56.21;4.52;7.2;3.45;2655.7;103.8;81.84
8;0;-28.62;-33.16;4.23;4.1;1.69;2124;493;60.97
15;0;-31.31;-45.9;5.18;6.03;0.7;735.25;29.11;21.64
17;0;-8.95;-14.27;4.33;4.27;1.96;1245.91;246.27;48.65
23;0;-25.4;-66.52;5.65;3.7;1.96;2354.5;104.5;56.35
24;0;-51.78;-64.85;4.78;5.93;2.53;2512.8;156.4;78.46
25;0;-55.91;-55.09;5.45;8.03;3.31;3453.5;329.5;80.48
28;0;-28.44;-26.76;5.3;4.15;2.87;2050;997.33;57.75
32;0;NA;NA;NA;NA;NA;NA;NA;NA
35;0;-20.68;-29.04;5.8;5.9;1.34;1628.5;57;43.03
39;0;-13.47;-9.76;5.56;1.94;1.24;658;71.2;26.4
42;0;-15.95;-34.94;4.02;7.17;3.12;1749.83;44.33;94.7
46;0;-30.56;-36.74;4.06;5.83;3.01;2474.14;268.86;70.9
48;0;-34.71;-48.94;3.76;7.8;2.59;1235.71;130.86;65.37
49;0;-33.57;-33.62;4.13;4.4;1.95;1939.5;367.17;63.53
52;0;-10.89;-24.91;3.97;5.61;1.83;949.57;35.86;51.03
56;0;-12.05;-16.74;4.06;4.61;1.62;663.88;16.13;42.44
63;0;-25.45;-42.98;4.51;4.57;3.7;2278;115.67;83.53
65;0;-22.04;-43.85;4.76;6.38;3.99;4277.56;190;132.37
68;0;-34.7;-48.04;5.16;5.83;3.19;4859.63;76.57;111.81
69;0;-26.24;-42.57;5.34;5.76;3.35;4036.09;135.73;98.15
73;0;-8.1;-9.52;4.26;2.96;1.1;483;23.88;30.62
75;0;-6.1;-8.17;4.46;3.4;1.85;663.1;30.5;46.77
78;0;-15.59;-15.39;4.58;3.37;2.76;805.45;29.73;58.58
85;0;-30.65;-27.93;3.95;5.45;2.37;1090.45;22.73;56.86
86;0;-28.69;-24.04;3.73;7.57;3.04;1132.82;26;71.63
87;0;-21.47;-21.95;4.17;3.07;1.18;1024;69;30.33
94;0;-9.34;-8.88;4.18;3.61;1.34;571.58;20.42;36.42
96;0;-16.54;-21.93;4.13;3.38;1.04;1060.25;53.25;43.48
102;0;-10.39;-17.4;4.04;5.25;2.4;860.5;106.88;55.53
103;0;-30.43;-26.38;4.12;4.76;2.34;1163.29;30.71;54.75
105;0;-17.6;-19.32;4.3;3.59;1.85;1150.78;198;50.23
107;0;-22.97;-39.46;4.58;4.63;3.24;3605;83.75;76.41
108;0;-16.57;-15.67;4.5;3.16;2.06;1976.25;21.13;47.88
113;0;-16.46;-20.49;4.56;2.68;1.18;619.38;12.71;31.21
116;0;-16.86;-12.25;5.59;3.31;1.01;767.36;26.09;25.51
117;0;-9.07;-16.1;4.45;3.32;3.02;1543.4;139.5;60.69
118;0;-11.21;-7.48;5.57;1.68;0.91;448.89;5.78;21
4;2;-0.39;-2.51;4.46;9.7;4.91;7575;1036.13;145.38
5;2;3.31;1.44;4.55;4.65;3.53;3162.5;201.88;69.61
7;2;0.89;0.33;3.82;9.9;3.77;3450;663.33;110.5
8;2;-21.52;-24.6;4.16;4.19;2.26;1335.86;205.14;51.89
15;2;-26.81;-36.4;4.71;3.33;0.83;617.5;39.38;19.86
17;2;-5.53;-9.05;4.6;5.1;2.35;1203.33;130.33;47.33
23;2;-25.84;-19.34;5.68;4.8;0.95;862;12.2;20.33
24;2;-23.13;-49.22;4.52;5.08;2.87;1500;61;59.33
25;2;-2.55;-10.91;4.35;6.18;3.4;2607.5;391.5;97.1
28;2;-4.87;-4.62;4.89;3;2.31;1218.75;38;43.25
32;2;-6.3;-19.42;4.93;5.08;1.67;1095.5;48.75;44.15
35;2;-12.37;-29.48;5.99;5.45;1.24;1228;65;30.31
39;2;-0.75;-5.71;6.04;2.05;1.8;575;103.63;23.13
42;2;-2.11;-12;4.24;8.69;3.46;1462.5;43.88;76.88
46;2;-24.16;-21.11;4.01;6.14;3.18;2142.86;29;73.43
48;2;-28.27;-22.14;3.76;7.66;2.55;1441.25;161.38;58.88
49;2;-19.5;-33.12;3.9;6.96;3.23;1263.86;279.43;71.41
52;2;-4.66;-10.3;3.95;5.99;2.66;1047.5;70.63;52.13
56;2;-9.9;-8.63;4.09;4.13;1.34;514.29;9.14;32.57
63;2;-0.43;-1.34;4.06;6.66;3.87;2037.5;791.25;86.75
65;2;-8.14;-10.23;4.26;6.19;4.12;2549.86;116.14;128.3
68;2;-7.25;-6.75;4.59;4.58;3.82;3825;540;75.25
69;2;0.39;-7.04;5.47;4.43;4;3171.25;244.75;62.18
73;2;-12.58;-9.92;4.36;2.7;1.35;386.25;32.63;23.13
75;2;-3.34;-4.56;4.17;4.13;2;617.71;15.14;50.13
78;2;-14.43;-10.33;4.29;3.93;2.52;1992.5;37.13;51
85;2;-8.99;-7.92;3.86;6.18;1.79;776.67;20;43.67
86;2;-7.99;-5.64;3.7;7.4;2.46;1198.33;29.67;62
87;2;-17.31;-24.82;4.09;4.39;1.76;671;28.43;41.46
94;2;-6.49;-6.06;4.13;3.88;1.34;576.67;6.83;35.17
96;2;-13.14;-20.27;4.13;3.58;1;769.63;50.13;33.98
102;2;-10.67;-10.02;4.27;4.06;1.71;617.14;38.71;39.14
103;2;-16.36;-15.98;4.09;4.99;1.94;820;14.29;42
105;2;-3.94;-4.59;4.82;3.08;1.53;615;12.44;30.44
107;2;-1.26;-1.36;4.14;5.19;3.64;2523.14;51.86;94.66
108;2;-1.92;-7.54;4.05;5.75;4.69;3040;87.5;75.79
113;2;-13.88;-13.28;4.64;2.86;1.29;535.71;26.71;29.71
116;2;-8.27;-11.14;5.99;3.26;0.79;295;5.63;16.5
117;2;-12.75;-16.32;4.26;4.77;2.22;618.86;191.86;53.61
118;2;-12.1;-15.1;5.38;1.88;0.87;457.5;7.19;18.43
4;5;0;-7.8;4.46;6.31;5.44;4491.67;861.67;100.83
5;5;-1.27;-3.6;4.89;3.28;2.57;2441.67;200.42;49.21
7;5;-6.5;-7.78;3.96;6.7;4.37;2733.33;334.17;74.83
8;5;-20.75;-22.31;4.28;3.53;1.65;830.91;50.64;35.25
15;5;-24;-25.3;4.8;2.53;0.77;387.5;14.83;17.68
17;5;-14;-20.25;4.27;4.77;2.05;1200;146;43.04
23;5;-22.25;-49.05;5.64;5.65;1.42;1357.78;31.1;25.03
24;5;-37.55;-61.68;4.54;5.01;2.16;1400;84;50.09
25;5;-6.62;-11.94;4.92;5.26;3.13;2881.82;256.91;64.64
28;5;-5.35;-5.5;5.32;4.11;1.64;1394.55;325.91;33.62
32;5;-6.62;-42.72;5.02;4.97;1.74;1301;68.9;39
35;5;-16.76;-23.34;5.96;4.8;1.43;1177.27;61.36;30.55
39;5;2.99;-0.66;5.72;3.07;1.22;442.73;50.45;16.74
42;5;-9.68;-19.78;3.83;7.58;3.48;1373.33;23.25;79.79
46;5;-27.63;-34.59;4;5.99;2.6;2200;25.48;64.19
48;5;-27.25;-26.76;3.76;6.93;2.24;1075;71.25;55.03
49;5;-20.27;-24.07;3.98;5.34;2.3;915.83;82.83;49.96
52;5;-12.98;-19.38;3.88;6.19;2.32;1011.67;20.17;58.63
56;5;-12;-14.72;4.08;4.21;1.35;545.83;12.36;33.93
63;5;-4.88;-6.05;4.05;5.44;3.34;1709.09;182.18;72.98
65;5;-6.2;-7.99;4.93;4.29;3.44;2125;238.08;67.86
68;5;-3.84;-4.79;4.58;4.06;3.52;2243.33;153.5;67.06
69;5;-4.5;-4.9;5.29;2.45;1.27;1083.33;31.83;25.68
73;5;-8.88;-5.88;4.18;3.03;1.03;460.83;11.83;25.38
75;5;-0.17;-2.33;4.25;3.92;2.24;735;15.08;49.37
78;5;-12.28;-11.09;4.43;3.21;2.22;682.5;15.5;42.81
85;5;-7.98;-10.38;4.03;4.68;1.41;770.83;95.83;34.43
86;5;-5.35;-7.29;3.84;6.39;2;1042.5;24.54;50.18
87;5;-17.59;-20.87;4.07;4.53;1.49;480;6.67;32.17
94;5;-5.95;-5.35;4.14;3.92;1.31;586.25;10.74;35.81
96;5;-15.35;-17.17;4.17;3.47;0.93;604.55;18.09;25.91
102;5;-8.15;-8.53;4.03;4.58;1.95;714.17;49.17;45.07
103;5;-20.8;-21.32;3.99;5.27;2.1;849.42;16.37;49.74
105;5;-7.16;-11.58;4.79;2.41;1.1;457.27;47.55;24.09
107;5;-18.12;-20.89;4.35;3.47;1.86;1321.54;94.38;39.96
108;5;-10.1;-12.3;4.56;2.34;1.35;709.17;16;28.39
113;5;-16.75;-15.69;4.86;2.85;1.08;515;11.7;23.68
116;5;-9.45;-14.92;6.01;4.3;0.58;232.64;7.67;11.65
117;5;-9.75;-13.04;4.3;3.65;2.14;775.83;19.25;42.53
118;5;-7.34;-8.92;5.05;2.13;1.11;622.5;15.17;25.08
4;10;-9.28;-28.74;4.54;6.07;3.65;4850;446.25;92.63
5;10;-2.1;-22.91;5.08;5.8;1.59;2225;32.71;32.88
7;10;-7.33;-11.2;4.04;6.23;2.95;2566.36;242.55;71.48
8;10;-22.7;-25.6;4.29;3.7;1.59;1046.67;70;36.05
15;10;-21.4;-42.3;4.66;4.15;0.68;423.33;21.64;15.45
17;10;-19.45;-22.05;4.49;4.78;1.87;1426.92;204;40.05
23;10;-18.3;-23.9;5.48;3.84;1.2;733.75;74.88;24.58
24;10;-44.46;-58.75;NA;NA;NA;NA;NA;NA
25;10;-10.6;-14.24;4.83;4.19;2.8;1841.25;170;56.8
28;10;-11.78;-16.85;5.57;6.42;1.58;3042.86;319.71;37.32
32;10;-6.55;-9.4;4.75;3.95;2;916.36;24.09;41.42
35;10;-15.8;-21.6;5.89;5;1.41;1367.5;124.75;30.06
39;10;-2.44;-11.28;5.54;1.9;0.98;391.43;29.17;15.54
42;10;-15.77;-36.88;3.73;9.57;3.02;1683.33;23.33;93.67
46;10;-29.89;-33.61;4.05;6.24;2.5;2387.5;34.38;75.68
48;10;-30.53;-30.03;3.98;6.18;2.27;1028.25;23.42;55.68
49;10;-29.5;-39.85;3.99;5.51;2.41;841.11;36.44;52.74
52;10;-23.5;-45.13;3.79;8.35;2.71;1543.33;26.33;71.5
56;10;-19.18;-16.07;4.04;4.38;1.42;571.25;13;37.2
63;10;-15.8;-31.15;4.57;7.3;2.13;1034.13;57.57;57.27
65;10;-13.1;-24.8;5.03;3.53;2.81;1261.67;108.17;50.29
68;10;-20.38;-39.64;4.82;4.36;2.36;3314.29;101;65.31
69;10;-6.7;-20.01;5.19;2.56;1.67;1028.57;25.43;35.29
73;10;-8.03;-13.63;4.32;3;1.06;466.88;6.81;25.65
75;10;-9.98;-21.54;4.39;4.11;1.99;4162.31;15.31;43.71
78;10;-21.97;-29.02;4.65;3.49;1.89;1038.5;46.88;44.88
85;10;-15.5;-17.3;4.05;4.48;1.42;760;30.04;36.81
86;10;-15.2;-20.4;3.87;6.13;1.66;1076.36;83.06;44.01
87;10;-17.95;-19.9;4.02;4.29;1.38;492.5;5.4;31.02
94;10;-10.55;-10.23;4.11;4.19;1.37;721.82;44.67;35.5
96;10;-13.7;-16.9;4.04;4.31;0.87;605.83;15.92;25.16
102;10;-12.78;-16.75;4.17;4.42;1.73;744.17;30.33;41.69
103;10;-20.76;-30.63;3.97;6.82;2.31;1193.57;27.77;66.45
105;10;-16.68;-16.01;4.8;2.77;1.17;567.5;20;28.05
107;10;-16.02;-20.25;4.23;3.53;1.08;860;60.33;40.27
108;10;-14.46;-19.21;3.81;3.77;1.97;1568.46;34.42;51.48
113;10;-19.09;-21.24;4.49;2.93;1.2;539.17;10.47;29.57
116;10;-15.38;-16.55;6.14;5.44;0.34;226.14;20.39;11.12
117;10;-20.71;-24.19;4.1;4.04;1.9;627.14;59.43;37.96
118;10;-14.11;-13.33;5.35;2.18;1.09;676.92;11.18;21.99
