ID;N;E;Treatment;Type;Sampling_0;Sampling_2;Sampling_5;Sampling_10
4;62.48170907;28.65656257;restored;spruce mire forest poor;2010;2013;2016;2021
5;62.44712896;28.80704452;restored;spruce mire forest poor;2010;2014;2017;2022
7;61.99812342;23.88417625;restored;spruce mire forest poor;2008;2012;2015;2020
8;63.78903063;29.57163215;restored;spruce mire forest poor;2007;2010;2013;2018
15;62.20461409;28.93797029;pristine;spruce mire forest poor;2010;2014;2017;2022
17;61.85831639;24.23546464;pristine;spruce mire forest poor;2008;2012;2015;2020
23;60.64362456;24.75760527;restored;spruce mire forest rich;2010;2012;2015;2020
24;60.78948123;22.37900530;restored;spruce mire forest rich;2008;2013;2016;2022
25;61.05521416;24.61200650;restored;spruce mire forest rich;2008;2010;2013;2018
28;65.81281713;27.76443040;restored;spruce mire forest rich;2010;2013;2016;2021
32;60.58128560;24.38232011;pristine;spruce mire forest rich;2007;2010;2013;2018
35;60.99272553;24.11453501;pristine;spruce mire forest rich;2008;2010;2013;2018
39;65.81939634;27.76340091;pristine;spruce mire forest rich;2010;2013;2016;2021
42;60.87401530;22.00655416;restored;pine mire forest poor;2009;2013;2016;2021
46;62.74493818;24.61411805;restored;pine mire forest poor;2009;2012;2015;2020
48;62.85488923;25.41411567;restored;pine mire forest poor;2009;2012;2015;2020
49;63.79167373;29.59497227;restored;pine mire forest poor;2006;2011;2014;2019
52;60.87853573;22.01833569;pristine;pine mire forest poor;2009;2013;2016;2021
56;62.74968487;24.61348003;pristine;pine mire forest poor;2009;2012;2015;2020
63;62.81370595;30.75656181;restored;pine mire forest rich;2007;2013;2016;2021
65;65.12103306;27.08145705;restored;pine mire forest rich;2007;2011;2014;2019
68;64.11083811;26.44286955;restored;pine mire forest rich;2009;2013;2016;2021
69;64.23908040;25.53170309;restored;pine mire forest rich;2009;2014;2017;2022
73;62.81702507;30.75606261;pristine;pine mire forest rich;2007;2013;2016;2021
75;65.12457251;27.10163575;pristine;pine mire forest rich;2007;2011;2014;2019
78;64.11659614;26.42871672;pristine;pine mire forest rich;2009;2013;2016;2021
85;62.00029046;23.87121459;restored;open mire poor;2008;2012;2015;2020
86;62.00252957;23.91999997;restored;open mire poor;2008;2012;2015;2020
87;63.76269559;29.60607974;restored;open mire poor;2007;2010;2013;2018
94;62.00134458;23.90478171;pristine;open mire poor;2008;2012;2015;2020
96;63.76427106;29.60085117;pristine;open mire poor;2007;2010;2013;2018
102;63.29802583;24.80207415;restored;open mire rich;2007;2012;2015;2020
103;61.9964875;23.9390207;restored;open mire rich;2008;2013;2016;2021
105;65.80549725;27.81173503;restored;open mire rich;2009;2013;2016;2021
107;64.29119653;25.5164143;restored;open mire rich;2008;2011;2014;2019
108;65.12197969;27.07192;restored;open mire rich;2011;2014;2017;2022
113;63.29757379;24.78968204;pristine;open mire rich;2009;2012;2015;2020
116;65.82005916;27.8038828;pristine;open mire rich;2009;2013;2016;2021
117;64.28861789;25.5142809;pristine;open mire rich;2008;2011;2014;2019
118;65.12279089;26.96440294;pristine;open mire rich;2011;2014;2017;2022
