ID;Time;Pristine;None;Drainage;Moss_hummock;Moss_lawn;Moss_hollow;Sphagnum_hummock;Sphagnum_lawn;Sphagnum_hollow;Sphagnum_mixed
4;0;1.8;1.6;2.8;2.1;0.2;0.0;0.0;4.1;0.0;0.9
4;2;1.3;2.9;1.9;1.9;0.4;0.0;0.0;5.1;0.0;1.1
4;5;8.8;2.6;4.7;4.5;0.5;0.0;0.0;10.2;0.0;16.5
4;10;9.1;4.6;6.0;4.3;0.3;1.0;0.0;7.4;0.0;13.6
5;0;1.0;1.1;0.9;1.0;0.5;0.0;0.0;0.0;0.0;1.5
5;2;4.0;1.3;2.2;2.4;0.9;0.0;0.0;0.0;0.0;9.2
5;5;9.0;3.0;2.7;3.0;2.4;0.0;0.0;1.5;0.0;15.4
5;10;11.5;3.3;2.4;1.9;2.7;0.2;0.0;21.0;0.0;11.1
7;0;2.8;2.1;9.7;11.5;0.2;0.0;0.0;1.0;0.0;8.4
7;2;6.0;1.1;7.8;7.2;0.0;0.0;0.0;3.3;0.0;23.0
7;5;12.7;1.2;11.4;8.9;0.2;0.0;1.0;50.0;0.0;22.0
7;10;14.5;0.5;7.2;4.1;0.5;0.0;0.0;5.4;0.0;18.6
8;0;14.1;4.2;12.8;18.7;2.5;0.0;0.0;40.6;0.0;15.9
8;2;15.2;2.3;10.0;7.6;5.4;0.2;0.0;22.7;0.0;30.8
8;5;12.4;1.8;7.5;6.5;3.3;0.0;0.0;19.3;0.0;22.7
8;10;14.3;1.5;9.5;7.8;1.5;0.0;0.0;12.5;0.0;28.1
15;0;14.0;1.5;5.0;0.6;6.8;0.0;0.0;5.4;0.2;23.5
15;2;15.7;1.5;5.4;1.1;15.0;0.0;0.0;9.1;0.4;21.9
15;5;20.6;1.1;9.3;1.1;24.6;0.0;0.0;4.2;0.0;39.7
15;10;15.2;1.3;11.3;2.6;19.1;0.0;0.0;6.4;0.2;18.1
17;0;19.5;0.6;2.8;2.1;11.6;0.0;0.0;5.1;0.0;34.5
17;2;18.3;0.7;6.9;1.4;10.5;0.0;0.0;8.5;0.0;25.6
17;5;18.5;0.9;7.5;0.4;12.2;0.0;0.0;3.3;0.0;31.7
17;10;14.9;0.6;3.5;1.1;37.1;0.0;0.0;6.0;0.2;11.7
23;0;1.6;3.0;8.1;8.9;0.0;0.0;0.0;0.0;0.0;0.6
23;2;1.5;4.0;3.2;2.9;0.2;0.0;0.2;0.0;0.0;0.5
23;5;0.8;4.7;5.7;4.1;0.6;0.0;0.0;0.0;0.0;0.5
23;10;1.0;3.5;4.0;3.2;0.4;0.0;0.0;0.0;0.0;0.5
24;0;0.9;4.1;6.8;5.8;2.3;0.0;0.0;0.0;0.0;0.6
24;2;0.4;3.1;7.8;4.9;0.0;0.0;0.0;0.0;0.0;0.2
24;5;0.5;6.6;20.8;11.9;16.5;0.0;0.0;0.0;0.0;0.0
24;10;0.6;6.3;12.4;8.9;6.2;0.0;0.0;0.0;0.0;1.0
25;0;19.9;3.3;10.2;11.0;3.6;0.2;0.0;0.0;0.0;39.9
25;2;24.4;4.7;6.0;6.1;5.7;0.0;0.0;0.7;0.0;39.7
25;5;23.5;3.2;2.0;1.0;2.2;0.0;0.0;3.0;0.0;41.1
25;10;36.3;11.0;4.7;2.1;3.8;0.0;0.0;0.2;0.0;54.6
28;0;5.5;1.5;2.9;1.6;0.8;0.0;0.0;0.2;0.0;5.4
28;2;5.1;2.7;3.0;1.5;4.0;0.3;0.0;0.0;0.0;7.8
28;5;10.7;5.5;3.8;3.7;5.6;1.3;0.0;0.0;0.8;21.0
28;10;11.4;4.8;2.5;1.7;1.6;1.9;0.0;1.0;0.3;18.4
32;0;17.4;4.5;0.7;0.2;0.2;0.3;0.0;0.4;1.0;41.2
32;2;17.8;3.4;1.1;0.9;0.0;0.0;0.0;3.4;0.4;31.2
32;5;12.7;2.0;0.5;0.4;0.2;0.4;0.0;0.9;0.2;25.5
32;10;30.3;2.9;19.8;2.0;0.6;0.2;0.0;1.0;0.0;71.8
35;0;14.4;2.0;3.7;4.4;0.4;0.6;25.0;35.1;1.0;17.0
35;2;12.2;5.0;2.6;1.4;0.3;0.5;1.0;32.8;0.2;19.0
35;5;12.2;1.1;1.5;0.5;0.8;0.7;0.0;17.7;0.2;26.2
35;10;16.8;5.3;4.0;0.4;0.5;1.2;0.0;17.4;0.2;30.9
39;0;10.1;2.7;3.4;4.0;1.5;0.4;0.0;0.4;0.2;19.4
39;2;11.3;3.0;3.3;4.1;3.0;0.9;0.0;0.6;0.3;24.1
39;5;11.7;5.0;2.6;3.3;1.4;2.1;0.0;2.1;0.5;27.5
39;10;11.9;4.4;2.0;1.9;2.4;4.2;0.0;0.6;0.5;23.2
42;0;20.6;10.5;6.3;9.5;0.0;0.0;6.0;1.5;0.0;39.3
42;2;18.4;8.7;6.4;11.1;0.2;0.0;12.8;2.0;0.0;42.1
42;5;26.5;23.6;11.4;15.6;0.0;0.0;18.0;2.0;0.0;50.5
42;10;14.5;12.7;11.9;11.0;0.3;0.0;26.0;24.8;0.0;29.5
46;0;4.1;4.9;12.6;22.9;2.4;0.0;0.0;12.9;0.0;6.8
46;2;6.3;11.2;9.7;14.6;2.7;0.0;0.0;11.1;0.0;10.2
46;5;7.6;12.2;13.4;20.6;1.4;0.0;0.0;21.1;0.0;13.6
46;10;22.9;16.2;16.4;20.7;0.5;0.0;0.0;9.1;0.0;40.8
48;0;1.3;2.4;17.7;47.7;0.2;0.0;1.0;0.0;0.0;3.0
48;2;3.2;8.5;17.6;37.7;0.2;0.0;2.0;0.0;0.0;10.0
48;5;4.8;9.7;20.4;33.0;0.2;0.0;4.0;0.0;0.0;5.6
48;10;9.4;9.0;19.6;33.6;0.6;0.0;0.0;0.0;0.0;8.4
49;0;6.3;12.1;15.4;24.9;3.4;0.0;22.6;3.1;0.0;10.6
49;2;6.4;8.3;12.6;22.9;3.0;0.0;19.7;4.6;0.0;10.0
49;5;4.6;7.9;11.1;22.4;1.2;0.0;23.4;12.5;0.0;10.7
49;10;15.5;14.3;12.2;19.8;1.1;0.0;4.8;19.4;0.0;25.3
52;0;22.0;8.3;5.5;3.7;0.8;0.0;16.1;15.7;0.0;51.8
52;2;17.8;9.1;3.4;2.0;0.3;0.0;15.4;14.5;0.0;45.7
52;5;30.3;19.2;9.9;4.4;0.6;0.0;10.5;9.5;0.0;76.1
52;10;13.9;14.3;7.6;3.3;0.3;0.0;15.6;6.1;0.0;35.3
56;0;23.1;4.3;2.8;2.9;3.8;0.0;16.8;0.5;0.0;66.5
56;2;22.5;5.1;5.2;3.7;5.6;0.0;16.6;0.9;0.0;76.1
56;5;21.5;6.7;8.7;6.6;6.2;0.0;20.1;1.4;0.0;68.7
56;10;21.3;6.5;12.6;8.9;4.0;0.0;23.0;2.3;0.0;50.6
63;0;2.7;10.1;5.7;5.2;0.6;0.0;0.0;21.3;17.3;13.2
63;2;0.4;7.0;11.9;2.7;5.9;0.0;0.0;23.6;0.2;15.7
63;5;0.6;21.7;14.6;1.2;2.6;0.2;0.0;10.2;7.2;48.8
63;10;0.6;13.9;8.8;2.1;2.0;0.0;0.0;16.5;1.0;25.6
65;0;5.8;14.7;9.4;8.9;3.0;0.0;0.0;20.9;0.0;36.5
65;2;12.4;11.4;10.3;3.4;0.8;0.0;0.0;20.4;0.2;29.1
65;5;11.8;11.6;9.1;2.0;0.3;0.3;0.0;17.4;0.3;24.7
65;10;11.9;14.1;8.2;1.7;2.3;0.0;0.0;18.2;4.6;42.5
68;0;0.0;0.4;7.3;8.3;0.3;0.0;0.0;2.9;0.0;0.0
68;2;0.0;4.1;13.5;14.4;1.3;0.0;17.0;8.4;0.0;0.0
68;5;0.0;2.6;12.7;11.7;3.2;1.1;0.0;21.6;2.0;4.7
68;10;0.0;5.5;10.9;9.0;4.1;10.3;0.0;10.9;0.0;0.0
69;0;0.0;3.9;7.6;4.0;12.8;0.0;0.0;12.1;0.0;16.3
69;2;0.4;3.4;12.2;6.5;17.2;0.0;0.0;10.6;0.6;0.3
69;5;1.5;6.5;13.6;10.3;20.8;0.0;0.0;9.1;1.1;13.1
69;10;8.5;6.8;16.7;8.0;36.2;0.0;0.0;7.1;0.4;8.0
73;0;1.8;16.5;2.6;0.0;4.2;0.0;0.0;3.7;0.2;45.0
73;2;1.3;15.4;5.3;0.0;6.4;0.0;0.5;9.5;0.2;42.1
73;5;5.1;23.2;10.2;0.0;15.1;0.0;1.0;7.1;0.2;53.7
73;10;1.9;12.9;6.7;0.6;3.5;0.2;4.0;18.4;1.5;37.6
75;0;9.1;7.6;9.9;5.5;0.0;0.0;31.1;17.1;2.5;10.2
75;2;7.2;8.3;8.2;3.3;0.2;0.0;30.0;10.6;2.3;11.8
75;5;7.1;7.7;8.6;3.4;0.4;0.0;47.1;10.0;3.8;11.6
75;10;6.1;8.4;9.2;5.2;1.0;0.0;36.5;9.2;3.2;16.4
78;0;9.2;12.5;4.9;0.8;0.8;0.0;3.0;13.6;0.2;44.6
78;2;8.7;14.3;7.2;2.4;0.2;0.0;15.0;14.4;0.0;34.7
78;5;6.9;13.0;5.8;2.2;0.3;0.0;20.0;11.6;0.3;30.9
78;10;8.5;12.2;6.9;2.4;0.4;0.0;36.0;12.6;0.2;23.7
85;0;9.1;8.7;2.5;1.9;9.0;0.0;38.1;4.5;0.0;17.0
85;2;20.3;10.6;2.3;1.8;2.0;0.0;50.3;4.0;0.0;43.2
85;5;23.8;11.0;2.4;2.7;0.6;0.0;51.1;1.8;0.0;51.1
85;10;12.4;10.0;8.6;8.0;0.4;0.0;43.6;6.5;0.0;18.5
86;0;7.4;16.7;3.9;7.2;1.5;0.0;53.3;16.1;0.0;12.6
86;2;16.6;16.9;3.8;4.7;1.3;0.0;59.7;10.4;0.0;19.0
86;5;13.4;16.2;4.5;3.0;1.4;0.0;54.5;8.0;0.0;21.0
86;10;10.2;14.7;10.4;4.8;1.8;0.0;47.2;12.0;0.0;12.6
87;0;1.6;17.3;3.7;6.7;0.0;0.0;45.8;3.8;0.0;11.0
87;2;1.9;18.8;3.4;13.9;0.2;0.0;65.9;0.9;0.0;5.4
87;5;1.5;17.2;2.3;3.1;0.0;0.0;54.5;0.2;0.0;5.4
87;10;7.7;24.5;2.8;4.6;0.0;0.0;45.0;0.2;0.0;15.9
94;0;8.7;10.9;1.4;0.5;0.0;0.0;33.1;12.7;60.5;18.6
94;2;9.7;11.3;1.9;0.6;0.0;0.0;32.6;7.0;67.0;28.6
94;5;12.0;12.6;3.0;1.1;0.0;0.0;41.0;15.8;58.7;24.8
94;10;9.9;11.0;3.2;0.5;0.0;0.0;41.3;13.1;45.7;14.1
96;0;20.7;3.6;1.5;0.2;1.0;0.0;12.0;4.1;0.0;72.4
96;2;18.0;4.4;2.3;0.0;0.4;0.0;11.0;3.3;0.5;57.1
96;5;16.7;4.7;1.8;0.2;0.2;0.0;16.6;4.9;0.0;44.1
96;10;26.1;7.9;3.2;1.0;0.0;0.0;29.6;3.8;0.0;68.0
102;0;0.4;10.5;9.7;1.9;0.4;0.0;26.2;15.9;0.0;27.2
102;2;0.2;13.4;9.6;3.0;0.4;0.0;28.6;13.2;0.0;31.5
102;5;0.5;13.5;11.8;2.8;0.6;0.0;33.3;12.5;0.2;45.3
102;10;1.2;10.0;14.8;6.1;0.6;0.0;26.8;17.2;0.0;15.7
103;0;0.3;15.4;5.7;9.4;2.3;0.0;12.7;4.3;25.0;28.9
103;2;0.2;17.0;5.5;5.6;1.2;0.0;19.5;7.9;0.0;27.9
103;5;3.2;29.7;16.6;7.3;4.2;0.0;7.6;3.6;28.0;56.1
103;10;0.8;20.1;4.6;4.1;0.9;0.0;3.7;6.8;0.0;29.8
105;0;0.5;9.1;8.5;2.5;16.6;0.0;9.0;20.9;0.2;35.2
105;2;0.3;11.2;9.6;3.1;16.9;0.0;8.0;17.2;0.3;43.3
105;5;0.3;13.9;9.5;1.3;17.7;0.0;6.0;19.2;0.0;54.8
105;10;0.3;13.7;10.6;4.3;30.3;0.0;7.0;8.2;0.2;30.2
107;0;9.6;17.2;6.1;8.1;2.8;0.0;3.0;10.1;3.6;19.5
107;2;5.7;18.6;6.5;1.4;0.5;0.3;0.2;5.7;9.9;32.3
107;5;3.8;19.6;16.7;0.4;0.0;0.0;0.0;5.1;0.3;47.3
107;10;4.6;22.7;23.1;3.0;0.0;0.0;0.0;7.3;1.1;59.1
108;0;14.0;15.2;9.4;12.4;1.0;0.0;0.2;24.1;0.0;17.6
108;2;10.3;13.8;8.1;12.8;0.5;0.0;2.0;18.6;1.7;16.0
108;5;10.5;11.4;12.4;19.1;1.6;0.0;0.0;21.8;3.8;18.7
108;10;9.3;11.4;11.6;15.2;1.0;0.5;0.5;16.3;4.9;21.0
113;0;7.8;5.1;6.9;0.5;0.2;0.2;28.1;28.6;0.2;12.4
113;2;8.1;5.6;10.2;1.0;0.0;0.0;29.3;28.4;0.2;11.8
113;5;12.3;7.0;12.5;4.0;0.2;0.0;31.3;40.9;0.2;12.6
113;10;10.0;7.4;14.8;6.0;0.0;0.0;33.0;27.2;0.2;10.7
116;0;5.2;17.1;4.1;0.2;5.3;0.0;0.0;9.2;1.9;54.1
116;2;7.8;11.8;3.2;0.3;5.7;0.0;0.0;7.7;10.9;30.4
116;5;9.7;11.4;3.3;0.3;5.5;0.0;0.0;8.4;16.7;26.2
116;10;6.4;11.5;4.3;0.2;4.2;0.0;0.0;11.7;4.9;17.6
117;0;13.1;8.6;6.4;3.8;0.8;1.5;0.5;30.1;15.1;12.0
117;2;8.7;10.5;5.1;4.1;1.4;0.6;1.0;28.6;8.4;17.0
117;5;8.0;11.0;4.5;3.6;1.3;0.0;2.0;27.6;5.3;17.0
117;10;7.9;14.6;5.6;5.3;1.3;0.0;0.5;24.1;2.2;31.8
118;0;8.8;7.1;0.0;0.0;0.0;0.5;0.0;2.0;16.9;18.3
118;2;8.3;9.6;0.0;0.0;0.0;0.3;0.0;1.8;16.7;26.5
118;5;8.3;10.0;0.0;0.0;0.0;3.4;0.0;8.5;12.3;39.3
118;10;7.4;11.2;0.5;0.0;0.0;0.4;0.0;2.2;11.8;35.9
