id,track,title,url,coverage,format_size,license_status,student_task,limitations
finnish-hydrology,RestoreWatch,Finnish hydrology and vegetation recovery,https://zenodo.org/records/17301631,"40 sites; before, 2, 5, 10 years",CSV; 24.1 kB total,CC BY 4.0; confirmed in Zenodo API metadata 2026-10-02; retain attribution and indicate modifications,Join hydrology and species groups by ID and Time; audit treatment and sampling years,No ready satellite features; seasonal summaries are not daily logger observations
finnish-baci,RestoreWatch,Finnish restoration experiment v2,https://zenodo.org/records/13929067,151 sites; six ecosystem types,CSV; about 2.7 MB,CC BY 4.0; confirmed in Zenodo API metadata 2026-10-02; retain attribution and indicate modifications,"Compare restored, drained control and pristine trajectories",Some pre-restoration sampling predates Sentinel-1/2; avoid false temporal matches
forsinard,RestoreWatch,Forsinard water table and surface soil moisture,https://zenodo.org/records/11186744,Scotland; 2017–2022/2023,CSV plus DOCX; about 1.2 MB,CC BY 4.0; confirmed in Zenodo API metadata 2026-10-02; retain attribution and indicate modifications,QC logger series and compare restored/control dynamics,Missing values use -9999; read QC flags and logger documentation
bernadouze,RestoreWatch,Bernadouze optical indices and field measurements,https://zenodo.org/records/7554537,French Pyrenees; 2017–2021,CSV; about 11.8 MB,CC BY 4.0; confirmed in Zenodo API metadata 2026-10-02; retain attribution and indicate modifications,Pair Sentinel-2 indices with WTD using explicit time aggregation,Single peatland; no verified restoration intervention/control design
uk-five-bogs,RestoreWatch,Five UK blanket bog water-table datasets,https://catalogue.ceh.ac.uk/documents/85a567a6-0a4a-4dc8-90b9-2fac8d1795a3,UK; 2021–2023,CSV ZIP; inspect portal for size,"Open Government Licence; cite Bell, Kitson and Fergusson (2026)",Train by site and hold out an entire bog,"Confirm sign convention, logger QC and intervention timing"
naturescot,RestoreWatch,Peatland ACTION open data,https://www.nature.scot/climate-change/nature-based-solutions/peatland-action/peatland-action-resources/peatland-action-open-data,Scotland; restoration since 2013; hydrology since 2014,CSV/spatial portals; some records on request,Open Government Licence v3.0 with NatureScot attribution,Select a verified restoration site and pair field observations with imagery,Centroids are not AOI boundaries; rainfall/raw records may require a request
floga,ForestPulse,FLOGA official GeoTIFF imagery and labels,https://huggingface.co/datasets/orion-ai-lab/FLOGA-GeoTIFFs,Greece; 326 wildfire events; 2017–2021,GeoTIFF; large release; list files first,Upstream FLOGA DATA_LICENSE: CC BY 4.0; code MIT; confirm release terms,Use pre/post imagery and label masks for dNBR/NDVI benchmark,Exclude label 2; cloud/water masks; split by event/geographic overlap
floga-annotations,ForestPulse,FLOGA annotations and scene catalogue,https://github.com/Orion-AI-Lab/FLOGA-annotations,Greece; FLOGA fire events,Shapefiles and scene information,Check annotation repository terms; do not infer from code license,Select one event polygon and trace pre/post scene identifiers,Version 2 is reprocessed; do not silently mix v1 scenes/splits with v2
burned-area,ForestPulse,Satellite Burned Area Dataset,https://zenodo.org/records/6597139,73 Sentinel-1/2 acquisitions,Five ZIPs; about 14 GB; metadata 18.3 kB,CC BY 4.0; confirmed in Zenodo API metadata 2026-10-02; retain attribution and indicate modifications,Inspect satellite_data.csv then benchmark segmentation with provided folds,Imagery adapter required; no direct compatibility with starter site CSV
sen1floods11,Adjacent radar exercise,Sen1Floods11,https://github.com/cloudtostreet/Sen1Floods11,Multi-region flood-event benchmark,Georeferenced imagery and labels; see repository,Verify original data terms; do not substitute a fork license,Practice SAR water segmentation and transfer robustness,Flood labels do not measure peatland water-table depth or restoration
cdse,Both; extraction,Copernicus Data Space,https://dataspace.copernicus.eu/,Sentinel-1/2 global archive,Products/API; accounts may be required,Copernicus terms; retain product identifiers,Extract a verified AOI/time series after label/coordinate audit,"Authentication, clouds and radar orbit normalization need separate engineering"
era5,Both; covariates,ERA5 Climate Data Store,https://cds.climate.copernicus.eu/,Global reanalysis,NetCDF/GRIB/API; account and terms acceptance,Check selected product license and citation,Add precipitation/temperature to seasonal and weather controls,Coarse grid; ERA5 is not site ground truth
